<?xml version="1.0" encoding="UTF-8"?>
<project-private xmlns="http://www.netbeans.org/ns/project-private/1">
    <editor-bookmarks xmlns="http://www.netbeans.org/ns/editor-bookmarks/2" lastBookmarkId="0"/>
    <open-files xmlns="http://www.netbeans.org/ns/projectui-open-files/2">
        <group>
            <file>file:/D:/Java%20netbean/haibt1/src/haibt1/nhanvien.java</file>
            <file>file:/D:/Java%20netbean/haibt1/src/haibt1/Haibt1.java</file>
        </group>
    </open-files>
</project-private>
