<?xml version="1.0" encoding="UTF-8"?>
<project-private xmlns="http://www.netbeans.org/ns/project-private/1">
    <editor-bookmarks xmlns="http://www.netbeans.org/ns/editor-bookmarks/2" lastBookmarkId="0"/>
    <open-files xmlns="http://www.netbeans.org/ns/projectui-open-files/2">
        <group>
            <file>file:/D:/Java%20netbean/HaiBt12/src/haibt12/hinhchunhat.java</file>
            <file>file:/D:/Java%20netbean/HaiBt12/src/haibt12/hinhbinhhanh.java</file>
            <file>file:/D:/Java%20netbean/HaiBt12/src/haibt12/hinhvuong.java</file>
            <file>file:/D:/Java%20netbean/HaiBt12/src/haibt12/dagiac.java</file>
            <file>file:/D:/Java%20netbean/HaiBt12/src/haibt12/HaiBt12.java</file>
        </group>
    </open-files>
</project-private>
